{"main":"american-flights-api-hands-on.raml","name":"American Flights API-Hands-On","organizationId":"940f7854-22b2-4130-9276-711fe0c0fa8f","groupId":"940f7854-22b2-4130-9276-711fe0c0fa8f","assetId":"american-flights-api-hands-on","version":"1.0.2","metadata":{"branchId":"master","commitId":"95c56abbaee725fa4063aa93be048f45f933d8d4","projectId":"fac12483-b682-4400-b60e-80a47bfbba40"},"apiVersion":"v1","classifier":"raml","dependencies":[{"assetId":"training-american-flight-data-type","groupId":"68ef9520-24e9-4cf2-b2f5-620025690913","version":"1.0.1"},{"assetId":"training-american-flights-example","groupId":"68ef9520-24e9-4cf2-b2f5-620025690913","version":"1.0.1"}],"tags":[],"originalFormatVersion":"1.0"}